{"4": 1730806601.269928, "5": 1730807151.988891, "6": 1730807749.448458, "1": 1730807996.184924, "2": 1732964085.501362, "9": 1732964199.569315, "10": 1732964203.535519, "11": 1732964207.743338, "454": 1733533637.405139, "455": 1733565353.02622, "21": 1738561377.44602}